instance,algorithm,moving_time,profit,execution_time,accepted_orders,accepted_sales,status,error,timestamp
S2_inst_01.txt,algo_naive,63990,12452788,0.048511,799,12478840,ok,,2026-05-14 20:19:04
S2_inst_01.txt,algo_union,62820,12452788,10.423690,799,12478840,ok,,2026-05-14 20:19:14
S2_inst_01.txt,ip_solver,71640,12452788,5445.485613,799,12478840,ok,,2026-05-14 20:19:04
S2_inst_02.txt,algo_naive,65340,15962092,0.049488,795,16202746,ok,,2026-05-14 20:15:13
S2_inst_02.txt,algo_union,64350,16020508,10.381135,795,16222218,ok,,2026-05-14 20:15:24
S2_inst_02.txt,ip_solver,70650,16020508,5215.028765,795,16222218,ok,,2026-05-14 20:15:13
S2_inst_03.txt,algo_naive,63450,15046926,0.042119,800,15046926,ok,,2026-05-14 20:20:02
S2_inst_03.txt,algo_union,62190,15046926,0.285362,800,15046926,ok,,2026-05-14 20:20:02
S2_inst_03.txt,ip_solver,71190,15046926,5503.611062,800,15046926,ok,,2026-05-14 20:20:02
S2_inst_04.txt,algo_naive,64710,12559892,0.045279,770,14000044,ok,,2026-05-14 19:49:28
S2_inst_04.txt,algo_union,68040,13392644,11.011208,773,14277628,ok,,2026-05-14 19:49:39
S2_inst_04.txt,ip_solver,69120,13627310,3669.551787,776,14355850,ok,,2026-05-14 19:49:28
S2_inst_05.txt,algo_naive,63090,14364616,0.041320,800,14364616,ok,,2026-05-14 20:17:43
S2_inst_05.txt,algo_union,60930,14364616,0.310661,800,14364616,ok,,2026-05-14 20:17:43
S2_inst_05.txt,ip_solver,71550,14364616,5364.589594,800,14364616,ok,,2026-05-14 20:17:43
S2_inst_06.txt,algo_naive,59940,8676515,0.039277,718,13109857,ok,,2026-05-14 20:55:05
S2_inst_06.txt,algo_union,62730,9661046,11.321190,714,13438034,ok,,2026-05-14 20:55:17
S2_inst_06.txt,ip_solver,63720,10076297,7607.278043,720,13576451,ok,,2026-05-14 20:55:05
S2_inst_07.txt,algo_naive,63900,17243329,0.049171,799,17260923,ok,,2026-05-14 20:25:06
S2_inst_07.txt,algo_union,62190,17243329,10.455297,799,17260923,ok,,2026-05-14 20:25:16
S2_inst_07.txt,ip_solver,71460,17243329,5807.461802,799,17260923,ok,,2026-05-14 20:25:06
S2_inst_08.txt,algo_naive,62370,12258848,0.056221,764,14041636,ok,,2026-05-14 20:23:51
S2_inst_08.txt,algo_union,67860,13129928,11.614798,773,14331996,ok,,2026-05-14 20:24:03
S2_inst_08.txt,ip_solver,68850,13310690,5732.903571,774,14392250,ok,,2026-05-14 20:23:51
S2_inst_09.txt,algo_naive,63180,15499888,0.041093,797,15663546,ok,,2026-05-14 20:21:42
S2_inst_09.txt,algo_union,62010,15499888,10.356429,797,15663546,ok,,2026-05-14 20:21:53
S2_inst_09.txt,ip_solver,71100,15499888,5604.367656,797,15663546,ok,,2026-05-14 20:21:42
S2_inst_10.txt,algo_naive,65610,14707440,0.043390,792,14993212,ok,,2026-05-14 20:18:55
S2_inst_10.txt,algo_union,69750,14992578,10.318507,799,15088258,ok,,2026-05-14 20:19:05
S2_inst_10.txt,ip_solver,70290,14992578,5436.714298,799,15088258,ok,,2026-05-14 20:18:55
S2_inst_11.txt,algo_naive,65880,11336953,0.047013,771,12350537,ok,,2026-05-14 20:31:14
S2_inst_11.txt,algo_union,67860,11975515,11.607991,769,12563391,ok,,2026-05-14 20:31:26
S2_inst_11.txt,ip_solver,70380,12450541,6176.105682,790,12721733,ok,,2026-05-14 20:31:14
S2_inst_12.txt,algo_naive,65160,14725903,0.047425,795,15028345,ok,,2026-05-14 20:16:14
S2_inst_12.txt,algo_union,69480,14808799,10.401664,794,15055977,ok,,2026-05-14 20:16:25
S2_inst_12.txt,ip_solver,70470,14808799,5276.249252,794,15055977,ok,,2026-05-14 20:16:14
S2_inst_13.txt,algo_naive,64080,15833076,0.051779,799,15852744,ok,,2026-05-14 20:14:11
S2_inst_13.txt,algo_union,63720,15833076,10.410949,799,15852744,ok,,2026-05-14 20:14:22
S2_inst_13.txt,ip_solver,71460,15833076,5153.201127,799,15852744,ok,,2026-05-14 20:14:11
S2_inst_14.txt,algo_naive,63450,13296517,0.052294,755,14862357,ok,,2026-05-14 20:13:09
S2_inst_14.txt,algo_union,66150,13977025,11.708057,754,15089193,ok,,2026-05-14 20:13:21
S2_inst_14.txt,ip_solver,68580,14373970,5091.204117,769,15221508,ok,,2026-05-14 20:13:09
S2_inst_15.txt,algo_naive,64260,16060877,0.057269,792,16437749,ok,,2026-05-14 20:04:53
S2_inst_15.txt,algo_union,68490,16256033,10.680197,792,16502801,ok,,2026-05-14 20:05:04
S2_inst_15.txt,ip_solver,70740,16259786,4595.105389,792,16504052,ok,,2026-05-14 20:04:53
S2_inst_16.txt,algo_naive,62370,14887546,0.042768,800,14887546,ok,,2026-05-14 20:19:57
S2_inst_16.txt,algo_union,62190,14887546,0.340048,800,14887546,ok,,2026-05-14 20:19:57
S2_inst_16.txt,ip_solver,70650,14887546,5498.446571,800,14887546,ok,,2026-05-14 20:19:57
S2_inst_17.txt,algo_naive,63360,13758258,0.041445,800,13758258,ok,,2026-05-14 20:21:55
S2_inst_17.txt,algo_union,63990,13758258,0.266192,800,13758258,ok,,2026-05-14 20:21:55
S2_inst_17.txt,ip_solver,70830,13758258,5616.738746,800,13758258,ok,,2026-05-14 20:21:55
S2_inst_18.txt,algo_naive,64440,16956620,0.049008,799,16977120,ok,,2026-05-14 20:21:42
S2_inst_18.txt,algo_union,61560,16956620,10.524171,799,16977120,ok,,2026-05-14 20:21:53
S2_inst_18.txt,ip_solver,71550,16956620,5604.169770,799,16977120,ok,,2026-05-14 20:21:42
S2_inst_19.txt,algo_naive,64260,14953578,0.043634,800,14953578,ok,,2026-05-14 20:19:06
S2_inst_19.txt,algo_union,62280,14953578,0.336947,800,14953578,ok,,2026-05-14 20:19:07
S2_inst_19.txt,ip_solver,71550,14953578,5448.146728,800,14953578,ok,,2026-05-14 20:19:06
S2_inst_20.txt,algo_naive,64260,14900286,0.043405,800,14900286,ok,,2026-05-14 20:17:59
S2_inst_20.txt,algo_union,64350,14900286,0.314462,800,14900286,ok,,2026-05-14 20:17:59
S2_inst_20.txt,ip_solver,71100,14900286,5380.957730,800,14900286,ok,,2026-05-14 20:17:59
S2_inst_21.txt,algo_naive,62460,16640817,0.041420,799,16682037,ok,,2026-05-14 20:21:04
S2_inst_21.txt,algo_union,62190,16640817,10.424870,799,16682037,ok,,2026-05-14 20:21:15
S2_inst_21.txt,ip_solver,70830,16640817,5566.119592,799,16682037,ok,,2026-05-14 20:21:04
S2_inst_22.txt,algo_naive,63900,14138978,0.050396,795,14356986,ok,,2026-05-14 20:18:35
S2_inst_22.txt,algo_union,63360,14138978,10.353353,795,14356986,ok,,2026-05-14 20:18:46
S2_inst_22.txt,ip_solver,71010,14138978,5417.218289,795,14356986,ok,,2026-05-14 20:18:35
S2_inst_23.txt,algo_naive,65610,14416265,0.054770,787,14700253,ok,,2026-05-14 20:11:15
S2_inst_23.txt,algo_union,69300,14661803,11.418922,792,14782099,ok,,2026-05-14 20:11:26
S2_inst_23.txt,ip_solver,70830,14815622,4976.723944,798,14833372,ok,,2026-05-14 20:11:15
S2_inst_24.txt,algo_naive,64530,15799146,0.050002,795,15906820,ok,,2026-05-14 20:15:29
S2_inst_24.txt,algo_union,63540,15799146,10.529739,795,15906820,ok,,2026-05-14 20:15:39
S2_inst_24.txt,ip_solver,71010,15799146,5230.464287,795,15906820,ok,,2026-05-14 20:15:29
S2_inst_25.txt,algo_naive,62550,13030607,0.050367,800,13030607,ok,,2026-05-14 20:20:50
S2_inst_25.txt,algo_union,60480,13030607,0.375801,800,13030607,ok,,2026-05-14 20:20:50
S2_inst_25.txt,ip_solver,71460,13030607,5551.470133,800,13030607,ok,,2026-05-14 20:20:50
S2_inst_26.txt,algo_naive,63900,15444473,0.043106,799,15526905,ok,,2026-05-14 20:18:59
S2_inst_26.txt,algo_union,61470,15568121,0.343802,800,15568121,ok,,2026-05-14 20:18:59
S2_inst_26.txt,ip_solver,71280,15568121,5440.926684,800,15568121,ok,,2026-05-14 20:18:59
S2_inst_27.txt,algo_naive,63090,12940718,0.047022,799,13050062,ok,,2026-05-14 20:17:03
S2_inst_27.txt,algo_union,62910,13043228,10.490626,798,13084232,ok,,2026-05-14 20:17:14
S2_inst_27.txt,ip_solver,71010,13043228,5324.849782,798,13084232,ok,,2026-05-14 20:17:03
S2_inst_28.txt,algo_naive,64170,13757393,0.049307,798,13785835,ok,,2026-05-14 20:16:04
S2_inst_28.txt,algo_union,69210,13757393,10.340790,798,13785835,ok,,2026-05-14 20:16:14
S2_inst_28.txt,ip_solver,70920,13757393,5265.652192,798,13785835,ok,,2026-05-14 20:16:04
S2_inst_29.txt,algo_naive,65070,13695034,0.056582,792,13962292,ok,,2026-05-14 20:10:33
S2_inst_29.txt,algo_union,68490,13967074,10.519382,795,14052972,ok,,2026-05-14 20:10:43
S2_inst_29.txt,ip_solver,71100,14017750,4934.774746,798,14069864,ok,,2026-05-14 20:10:33
S2_inst_30.txt,algo_naive,52380,908312,0.054423,608,9412452,ok,,2026-05-14 20:02:52
S2_inst_30.txt,algo_union,49680,2961689,12.452242,561,10096911,ok,,2026-05-14 20:03:05
S2_inst_30.txt,ip_solver,49320,4093985,4474.159756,559,10474343,ok,,2026-05-14 20:02:52
