instance,algo1_profit,trisearch_profit,delta_trisearch_minus_algo1,algo1_accepted,trisearch_accepted,algo1_moving,trisearch_moving,algo1_seconds,trisearch_seconds
data/instance01.txt,27900,27900,0,5/5,5/5,180/180,180/180,0.0080,0.16
data/instance02.txt,35100,49500,14400,8/10,9/10,930/1800,1410/1800,0.0019,0.53
data/instance03.txt,50000,50000,0,9/10,9/10,0/0,0/0,0.0005,0.05
data/instance04.txt,36500,79400,42900,14/20,16/20,4110/5500,4680/5500,0.0025,1.02
data/instance05.txt,106800,102300,-4500,8/10,7/10,1140/1200,1050/1200,0.0011,0.40
generated_data_smoke/imbalanced_flow_01.txt,22192000,21398500,-793500,799/800,702/800,75060/80000,79830/80000,0.1648,481.45
generated_data_smoke/large_dense_01.txt,4946628700,4875626200,-71002500,10000/10000,7340/10000,931080/1000000,999390/1000000,5.1293,953.60
generated_data_smoke/low_level_heavy_01.txt,2639700,2636400,-3300,281/300,284/300,24990/25000,24690/25000,0.0387,107.11
generated_data_smoke/small_balanced_01.txt,649900,720400,70500,88/120,93/120,7830/8000,7980/8000,0.0096,13.29
